Rk,Player,Tm,FantPos,Age,G,GS,Cmp,Att,Yds,TD,Int,Att,Yds,Y/A,TD,Tgt,Rec,Yds,Y/R,TD,FantPt,DKPt,FDPt,VBD,PosRank,OvRank
1,Chris Johnson\JohnCh04,TEN,RB,24,16,16,0,1,0,0,0,358,2006,5.6,14,71,50,503,10.06,2,349,403.4,370.9,202,1,1
2,Adrian Peterson\PeteAd01,MIN,RB,24,16,15,0,0,0,0,0,314,1383,4.4,18,57,43,436,10.14,0,290,335.4,304.4,143,2,2
3,Maurice Jones-Drew\DrewMa00,JAX,RB,24,16,16,0,0,0,0,0,312,1391,4.46,15,71,53,374,7.06,1,273,330.5,297,126,3,3
4,Aaron Rodgers\RodgAa00,GNB,QB,26,16,16,350,541,4434,30,7,58,316,5.45,5,0,0,0,,0,351,359,348,115,1,4
5,Ray Rice\RiceRa00,BAL,RB,22,16,15,0,1,0,0,0,254,1339,5.27,7,101,78,702,9,1,252,334.6,288.1,105,4,5
6,Andre Johnson\JohnAn02,HOU,WR,28,16,16,0,0,0,0,0,2,10,5,0,171,101,1569,15.53,9,214,317.4,263.4,102,1,6
7,Randy Moss\MossRa00,NWE,WR,32,16,16,0,0,0,0,0,0,0,,0,137,83,1264,15.23,13,206,291.4,245.9,94,2,7
8,Miles Austin\AustMi00,DAL,WR,25,16,9,0,0,0,0,0,2,-2,-1,0,124,81,1320,16.3,11,198,281.3,237.3,86,3,8
9,Frank Gore\GoreFr00,SFO,RB,26,14,14,0,0,0,0,0,229,1120,4.89,10,75,52,406,7.81,3,231,286.6,252.6,84,5,9
10,Thomas Jones\JoneTh00,NYJ,RB,31,16,16,0,0,0,0,0,331,1402,4.24,14,18,10,58,5.8,0,230,242,233,83,6,10
11,DeSean Jackson\JackDe00,PHI,WR,23,15,15,0,0,0,0,0,11,137,12.45,1,117,62,1156,18.65,9,189,267.8,229.3,77,4,11
12,Vernon Davis\DaviVe00,SFO,TE,25,16,16,0,0,0,0,0,0,0,,0,128,78,965,12.37,13,175,255.5,213.5,76,1,12
13,Larry Fitzgerald\FitzLa00,ARI,WR,26,16,16,0,0,0,0,0,0,0,,0,153,97,1092,11.26,13,187,287.2,235.7,75,5,13
14,Dallas Clark\ClarDa00,IND,TE,30,16,16,0,0,0,0,0,2,11,5.5,0,133,100,1106,11.06,10,172,274.2,220.7,73,2,14
15,Reggie Wayne\WaynRe00,IND,WR,31,16,16,0,1,0,0,1,0,0,,0,149,100,1264,12.64,10,184,288.4,235.4,72,6,15
16,Drew Brees\BreeDr00,NOR,QB,30,15,15,363,514,4388,34,11,22,33,1.5,2,1,1,-4,-4,0,306,316.4,307.9,70,2,16
17,Ricky Williams\WillRi00,MIA,RB,32,16,7,0,1,0,0,1,241,1121,4.65,11,53,35,264,7.54,2,217,256,230,70,7,17
18,Roddy White\WhitRo00,ATL,WR,28,16,16,0,0,0,0,0,1,2,2,0,165,85,1153,13.56,11,182,269,223,69,7,18
19,Sidney Rice\RiceSi01,MIN,WR,23,16,14,0,1,0,0,0,0,0,,0,121,83,1312,15.81,8,179,264.7,219.7,67,8,19
20,Antonio Gates\GateAn00,SDG,TE,29,16,16,0,0,0,0,0,0,0,,0,114,79,1157,14.65,8,164,245.2,202.2,65,3,20
21,Ryan Grant\GranRy00,GNB,RB,27,16,16,0,0,0,0,0,282,1253,4.44,11,30,25,197,7.88,0,211,241.5,222.5,64,8,21
22,Brandon Marshall\MarsBr00,DEN,WR,25,15,13,0,0,0,0,0,7,39,5.57,0,154,101,1120,11.09,10,176,279.9,226.4,64,9,22
23,Fred Jackson\JackFr02,BUF,WR,28,16,11,1,1,27,1,0,237,1062,4.48,2,61,46,371,8.07,2,172,222.4,191.4,60,10,23
24,Vincent Jackson\JackVi00,SDG,WR,26,15,15,0,0,0,0,0,3,11,3.67,0,108,68,1167,17.16,9,172,242.8,205.8,60,11,24
25,Joseph Addai\AddaJo00,IND,RB,26,15,15,1,1,22,1,0,219,828,3.78,10,63,51,336,6.59,3,199,255.8,223.8,52,9,25
26,Steve Smith\SmitSt02,NYG,WR,24,16,15,0,0,0,0,0,0,0,,0,157,107,1220,11.4,7,164,274,217.5,52,12,26
27,Steven Jackson\JackSt00,STL,RB,26,15,15,0,0,0,0,0,324,1416,4.37,4,75,51,322,6.31,0,198,253.8,221.3,51,10,27
28,Brett Favre\FavrBr00,MIN,QB,40,16,16,363,531,4202,33,7,9,7,0.78,0,1,1,-2,-2,0,287,296.6,292.1,50,3,28
29,Wes Welker\WelkWe00,NWE,WR,28,14,13,0,0,0,0,0,5,36,7.2,0,162,123,1348,10.96,4,162,287.4,221.9,50,13,29
30,Marques Colston\ColsMa00,NOR,WR,26,16,14,0,0,0,0,0,1,6,6,0,107,70,1074,15.34,9,162,234,195,50,14,30
31,Chad Johnson\JohnCh01,CIN,,31,16,15,0,0,0,0,0,3,32,10.67,0,128,72,1047,14.54,9,162,235.9,195.9,50,15,31
32,Matt Schaub\SchaMa00,HOU,QB,28,16,16,396,583,4770,29,15,48,57,1.19,0,0,0,0,,0,285,301,296.5,48,4,32
33,Brent Celek\CeleBr00,PHI,TE,24,16,15,0,0,0,0,0,0,0,,0,112,76,971,12.78,8,145,224.1,183.1,47,4,33
34,Jonathan Stewart\StewJo00,CAR,RB,22,16,3,0,0,0,0,0,221,1133,5.13,10,26,18,139,7.72,1,193,215.7,199.2,46,11,34
35,Tony Romo\RomoTo00,DAL,QB,29,16,16,347,550,4483,26,9,35,105,3,1,0,0,0,,0,282,293.8,284.8,46,5,35
36,Jamaal Charles\CharJa00,KAN,RB,23,15,10,0,0,0,0,0,190,1120,5.89,7,55,40,297,7.43,1,192,241.7,213.7,45,12,36
37,Santonio Holmes\HolmSa00,PIT,WR,25,16,16,0,1,0,0,0,3,6,2,0,138,79,1248,15.8,5,155,237.4,194.9,43,16,37
38,Peyton Manning\MannPe00,IND,QB,33,16,16,393,571,4500,33,16,19,-13,-0.68,0,0,0,0,,0,279,296.7,292.7,43,6,38
39,Hines Ward\WardHi00,PIT,WR,33,16,16,0,0,0,0,0,0,0,,0,137,95,1167,12.28,6,153,249.7,198.2,41,17,39
40,Philip Rivers\RivePh00,SDG,QB,28,16,16,317,486,4254,28,9,26,50,1.92,1,0,0,0,,0,275,284.2,278.2,39,7,40
41,Tom Brady\BradTo00,NWE,QB,32,16,16,371,565,4398,28,13,29,44,1.52,1,0,0,0,,0,274,288.3,283.3,38,8,41
42,Rashard Mendenhall\MendRa00,PIT,RB,22,16,12,0,0,0,0,0,242,1108,4.58,7,32,25,261,10.44,1,185,214.4,194.4,38,13,42
43,Ben Roethlisberger\RoetBe00,PIT,QB,27,15,15,337,506,4328,26,12,40,82,2.05,2,0,0,0,,0,273,284.8,278.3,37,9,43
44,DeAngelo Williams\WillDe02,CAR,RB,26,13,13,0,0,0,0,0,216,1117,5.17,7,41,29,252,8.69,0,181,214.4,192.4,34,14,44
45,Derrick Mason\MasoDe00,BAL,WR,35,16,16,0,0,0,0,0,1,2,2,0,134,73,1028,14.08,7,145,221,181.5,33,18,45
46,Steve Smith\SmitSt01,CAR,WR,30,15,15,0,0,0,0,0,5,22,4.4,0,129,65,982,15.11,7,144,211.9,175.9,32,19,46
47,Donald Driver\DrivDo00,GNB,WR,34,16,16,0,0,0,0,0,1,13,13,0,113,70,1061,15.16,6,143,215.4,176.4,31,20,47
48,Greg Jennings\JennGr00,GNB,WR,26,16,13,0,0,0,0,0,0,0,,0,119,68,1113,16.37,4,139,210.3,173.3,27,21,48
49,Cedric Benson\BensCe00,CIN,RB,27,13,13,0,0,0,0,0,301,1251,4.16,6,24,17,111,6.53,0,172,194.7,179.7,25,15,49
50,Tony Gonzalez\GonzTo00,ATL,TE,33,16,16,0,0,0,0,0,0,0,,0,134,83,867,10.45,6,123,208.7,164.2,24,5,50
51,Visanthe Shiancoe\ShiaVi00,MIN,TE,29,16,13,0,0,0,0,0,0,0,,0,79,56,566,10.11,11,123,181.6,150.6,24,6,51
52,Calvin Johnson\JohnCa00,DET,WR,24,14,14,0,0,0,0,0,7,73,10.43,0,137,67,984,14.69,5,136,204.2,166.2,24,22,52
53,Knowshon Moreno\MoreKn00,DEN,RB,22,16,9,0,0,0,0,0,247,947,3.83,7,41,28,213,7.61,2,170,202,180,23,16,53
54,Kellen Winslow\WinsKe01,TAM,TE,26,16,14,0,0,0,0,0,1,7,7,0,127,77,884,11.48,5,121,199.1,157.6,23,7,54
55,Robert Meachem\MeacRo00,NOR,WR,25,16,7,0,0,0,0,0,6,82,13.67,0,64,45,722,16.04,9,134,187.4,160.9,22,23,55
56,Anquan Boldin\BoldAn00,ARI,WR,29,15,15,0,0,0,0,0,3,12,4,1,127,84,1024,12.19,4,134,219.1,172.6,21,24,56
57,Matt Forte\FortMa00,CHI,RB,24,16,16,0,0,0,0,0,258,929,3.6,4,72,57,471,8.26,0,166,226,188.5,19,17,57
58,Mike Sims-Walker\WalkMi01,JAX,WR,25,15,14,0,0,0,0,0,0,0,,0,111,63,869,13.79,7,129,193.9,158.4,17,25,58
59,Jason Witten\WittJa00,DAL,TE,27,16,16,0,0,0,0,0,0,0,,0,124,94,1030,10.96,2,115,212,162,17,8,59
60,Heath Miller\MillHe00,PIT,TE,27,16,16,0,0,0,0,0,0,0,,0,98,76,789,10.38,6,115,192.9,150.9,16,9,60
61,Percy Harvin\HarvPe00,MIN,WR,21,15,8,0,0,0,0,0,15,135,9,0,91,60,790,13.17,6,129,206,169.5,16,26,61
62,LaDainian Tomlinson\TomlLa00,SDG,RB,30,14,14,0,1,0,0,0,223,730,3.27,12,30,20,154,7.7,0,160,185.4,168.4,14,18,62
63,Terrell Owens\OwenTe00,BUF,WR,36,16,16,0,0,0,0,0,6,54,9,1,109,55,829,15.07,5,124,181.8,150.8,12,27,63
64,Eli Manning\MannEl00,NYG,QB,28,16,16,317,509,4021,27,14,17,65,3.82,0,0,0,0,,0,247,257.8,248.3,11,10,64
65,Greg Olsen\OlseGr00,CHI,TE,24,16,15,0,0,0,0,0,0,0,,0,108,60,612,10.2,8,109,172.2,139.2,11,10,65
66,Pierre Thomas\ThomPi00,NOR,RB,25,14,6,0,0,0,0,0,147,793,5.39,6,45,39,302,7.74,2,158,201.5,175,11,19,66
67,Marion Barber\BarbMa01,DAL,RB,26,15,15,0,0,0,0,0,214,932,4.36,7,36,26,221,8.5,0,157,188.3,168.3,10,20,67
68,Mike Wallace\WallMi00,PIT,WR,23,16,4,0,0,0,0,0,5,48,9.6,0,72,39,756,19.38,6,116,157.9,134.9,4,28,68
69,Donovan McNabb\McNaDo00,PHI,QB,33,14,14,267,443,3553,22,10,37,140,3.78,2,1,1,1,1,0,240,252.2,240.7,4,11,69
70,Michael Turner\TurnMi00,ATL,RB,27,11,11,0,0,0,0,0,178,871,4.89,10,7,5,35,7,0,151,156.6,149.1,4,22,70
71,Tim Hightower\HighTi00,ARI,RB,23,16,16,0,0,0,0,0,143,598,4.18,8,80,63,428,6.79,0,151,217.1,177.1,4,21,71
72,Hakeem Nicks\NickHa01,NYG,WR,21,14,6,0,0,0,0,0,2,8,4,0,74,47,790,16.81,6,116,164.8,137.3,4,29,72
73,Jerome Harrison\HarrJe00,CLE,RB,26,14,7,0,0,0,0,0,194,862,4.44,5,50,34,220,6.47,2,150,189.2,165.2,3,23,73
74,John Carlson\CarlJo00,SEA,TE,25,16,16,0,0,0,0,0,0,0,,0,83,51,574,11.25,7,99,153.4,124.9,1,11,74
75,Zach Miller\MillZa01,OAK,TE,24,15,15,0,0,0,0,0,0,0,,0,99,66,805,12.2,3,99,167.5,131.5,,12,75
76,Mario Manningham\MannMa01,NYG,WR,23,14,10,0,0,0,0,0,0,0,,0,99,57,822,14.42,5,112,171.7,139.7,,30,76
77,David Garrard\GarrDa00,JAX,QB,31,16,16,314,516,3597,15,10,77,323,4.19,3,0,0,0,,0,236,245.2,232.2,,12,77
78,Willis McGahee\McGaWi00,BAL,RB,28,16,1,0,0,0,0,0,109,544,4.99,12,22,15,85,5.67,2,147,164.4,153.4,,24,78
79,Jay Cutler\CutlJa00,CHI,QB,26,16,16,336,555,3666,27,26,40,173,4.33,1,0,0,0,,0,230,257.4,246.9,,13,
80,Kurt Warner\WarnKu00,ARI,QB,38,15,15,339,513,3753,26,14,21,10,0.48,0,0,0,0,,0,227,238.6,230.1,,14,
81,Jason Campbell\CampJa00,WAS,QB,28,16,16,327,507,3618,20,15,46,236,5.13,1,0,0,0,,0,224,238.8,226.3,,15,
82,Kyle Orton\OrtoKy00,DEN,QB,27,16,15,336,541,3802,21,12,24,71,2.96,0,0,0,0,,0,219,232.2,227.2,,16,
83,Carson Palmer\PalmCa00,CIN,QB,30,16,16,282,466,3094,21,13,39,93,2.38,3,0,0,0,,0,213,226.1,220.1,,17,
84,Joe Flacco\FlacJo00,BAL,QB,24,16,16,315,499,3613,21,12,35,56,1.6,0,0,0,0,,0,210,221.1,214.1,,18,
85,Matt Ryan\RyanMa00,ATL,QB,24,14,14,263,451,2916,22,14,30,49,1.63,1,0,0,0,,0,188,202,196.5,,19,
86,Matt Cassel\CassMa00,KAN,QB,27,15,15,271,493,2924,16,16,50,189,3.78,0,1,0,0,,0,170,184.9,171.9,,20,
87,Matt Hasselbeck\HassMa00,SEA,QB,34,14,14,293,488,3029,17,17,26,119,4.58,0,0,0,0,,0,167,184.6,173.1,,21,
88,Alex Smith\SmitAl03,SFO,QB,25,11,10,225,372,2350,18,12,24,51,2.13,0,1,1,-6,-6,0,147,161,156,,22,
89,Kevin Smith\SmitKe02,DET,RB,23,13,13,0,0,0,0,0,217,747,3.44,4,57,41,415,10.12,1,146,191.7,163.7,,25,
90,Cadillac Williams\WillCa02,TAM,RB,27,16,15,0,0,0,0,0,211,823,3.9,4,39,28,217,7.75,3,146,179.5,159,,26,
91,Chad Henne\HennCh01,MIA,QB,24,14,13,274,451,2878,12,14,16,32,2,1,0,0,0,,0,144,159.3,154.3,,23,
92,Ahmad Bradshaw\BradAh00,NYG,RB,23,15,1,0,0,0,0,0,163,778,4.77,7,30,21,207,9.86,0,141,166,148,,27,
93,Vince Young\YounVi00,TEN,QB,26,12,10,152,259,1879,10,7,55,281,5.11,2,0,0,0,,0,141,150.3,140.3,,24,
94,Laurence Maroney\MaroLa00,NWE,RB,24,15,5,0,0,0,0,0,194,757,3.9,9,18,14,99,7.07,0,140,154.6,142.6,,28,
95,Brandon Jacobs\JacoBr00,NYG,RB,27,15,15,0,0,0,0,0,224,835,3.73,5,31,18,184,10.22,1,138,160.9,144.9,,29,
96,Mark Sanchez\SancMa00,NYJ,QB,23,15,15,196,364,2444,12,20,36,106,2.94,3,0,0,0,,0,138,159.4,148.4,,25,
97,Beanie Wells\WellCh00,ARI,RB,21,16,0,0,0,0,0,0,176,793,4.51,7,16,12,143,11.92,0,136,151.6,137.6,,30,
98,Matthew Stafford\StafMa00,DET,QB,21,10,10,201,377,2267,13,20,20,108,5.4,2,0,0,0,,0,127,151.5,143.5,,26,
99,Ronnie Brown\BrowRo05,MIA,RB,28,9,9,2,6,22,1,0,147,648,4.41,8,20,14,98,7,0,127,144,133.5,,31,
100,Justin Forsett\ForsJu00,SEA,RB,24,16,2,0,0,0,0,0,114,619,5.43,4,57,41,350,8.54,1,127,171.9,143.4,,33,
101,Steve Slaton\SlatSt00,HOU,RB,23,11,10,0,0,0,0,0,131,437,3.34,3,55,44,417,9.48,4,127,173.9,142.4,,32,
102,Darren Sproles\SproDa00,SDG,RB,26,16,2,0,0,0,0,0,93,343,3.69,3,57,45,497,11.04,4,126,181.5,151.5,,34,
103,Reggie Bush\BushRe00,NOR,RB,24,14,8,0,0,0,0,0,70,390,5.57,5,68,47,335,7.13,3,121,171.5,140,,36,
104,LeSean McCoy\McCoLe01,PHI,RB,21,16,4,0,0,0,0,0,155,637,4.11,4,55,40,308,7.7,0,121,165.5,138.5,,35,
105,Jason Snelling\SnelJa00,ATL,RB,26,14,2,0,0,0,0,0,142,613,4.32,4,39,30,259,8.63,1,117,152.2,130.2,,37,
106,Julius Jones\JoneJu01,SEA,RB,28,14,14,0,0,0,0,0,177,663,3.75,2,43,35,232,6.63,2,114,154.5,131,,38,
107,Austin Collie\CollAu00,IND,WR,24,16,5,0,0,0,0,0,2,1,0.5,0,89,60,676,11.27,7,110,172.7,139.7,,31,
108,T.J. Houshmandzadeh\HousTJ00,SEA,WR,32,16,16,0,0,0,0,0,0,0,,0,135,79,911,11.53,3,109,190.1,146.6,,32,
109,Santana Moss\MossSa00,WAS,WR,30,16,16,0,0,0,0,0,2,8,4,0,120,70,902,12.89,3,109,181,142,,33,
110,Jerricho Cotchery\CotcJe00,NYJ,WR,27,14,12,0,0,0,0,0,2,7,3.5,1,96,57,821,14.4,3,107,166.3,134.3,,34,
111,Chris Chambers\ChamCh00,2TM,WR,31,16,14,0,0,0,0,0,0,0,,0,92,45,730,16.22,5,103,151,125.5,,36,
112,Lee Evans\EvanLe00,BUF,WR,28,16,16,0,0,0,0,0,0,0,,0,96,44,612,13.91,7,103,150.2,125.2,,35,
113,Pierre Garcon\GarcPi00,IND,WR,23,14,13,0,0,0,0,0,2,10,5,0,92,47,765,16.28,4,102,151,124,,38,
114,Roy Williams\WillRo04,DAL,WR,28,15,13,0,0,0,0,0,0,0,,0,86,38,596,15.68,7,102,142.1,119.6,,37,
115,Jeremy Maclin\MaclJe00,PHI,WR,21,15,13,0,0,0,0,0,2,-7,-3.5,0,91,56,773,13.8,4,101,159.6,128.6,,39,
116,Nate Burleson\BurlNa00,SEA,WR,28,13,12,0,0,0,0,0,2,4,2,0,103,63,812,12.89,3,100,164.1,128.1,,40,
117,Josh Freeman\FreeJo00,TAM,QB,21,10,9,158,290,1855,10,18,30,161,5.37,0,1,0,1,,0,100,117.4,106.4,,27,
118,Felix Jones\JoneFe00,DAL,RB,22,14,1,0,0,0,0,0,116,685,5.91,3,22,19,119,6.26,0,98,121.9,104.9,,39,
119,Jermichael Finley\FinlJe00,GNB,TE,22,13,10,0,0,0,0,0,0,0,,0,72,55,676,12.29,5,98,155.1,124.1,,13,
120,Mike Bell\BellMi00,NOR,RB,26,13,3,0,0,0,0,0,172,654,3.8,5,4,4,12,3,0,97,102.6,96.6,,40,
121,Todd Heap\HeapTo00,BAL,TE,29,16,16,0,0,0,0,0,1,2,2,0,75,53,593,11.19,6,96,151,121,,14,
122,Patrick Crayton\CrayPa00,DAL,WR,30,16,6,0,0,0,0,0,4,28,7,0,67,37,622,16.81,5,95,145,121.5,,41,
123,Correll Buckhalter\BuckCo00,DEN,RB,31,14,7,0,0,0,0,0,120,642,5.35,1,38,31,240,7.74,0,94,129.7,106.7,,41,
124,Devery Henderson\HendDe00,NOR,WR,27,16,11,0,0,0,0,0,4,13,3.25,0,83,51,804,15.76,2,94,147.7,119.2,,44,
125,Steve Breaston\BreaSt00,ARI,WR,26,15,6,0,0,0,0,0,2,44,22,0,82,55,712,12.95,3,94,150.6,119.1,,46,
126,Nate Washington\WashNa00,TEN,WR,26,16,15,0,0,0,0,0,2,15,7.5,0,95,47,569,12.11,6,94,143.9,116.9,,42,
127,Braylon Edwards\EdwaBr00,2TM,WR,26,16,15,0,1,0,0,0,0,0,,0,95,45,680,15.11,4,94,141.5,115.5,,43,
128,Devin Hester\HestDe99,CHI,WR,27,13,12,0,0,0,0,0,6,-1,-0.17,0,91,57,757,13.28,3,94,152.1,119.1,,45,
129,Ryan Fitzpatrick\FitzRy00,BUF,QB,27,10,8,127,227,1422,9,10,31,141,4.55,1,0,0,0,,0,93,107.5,100,,28,
130,Donnie Avery\AverDo00,STL,WR,25,16,16,0,0,0,0,0,4,30,7.5,0,97,47,589,12.53,5,92,140.9,113.4,,47,
131,Davone Bess\BessDa00,MIA,WR,24,16,2,0,0,0,0,0,2,11,5.5,0,113,76,758,9.97,2,89,164.9,120.9,,48,
132,Brady Quinn\QuinBr00,CLE,QB,25,10,9,136,256,1339,8,7,20,98,4.9,1,1,1,18,18,0,89,98.2,92.7,,29,
133,Kevin Boss\BossKe00,NYG,TE,25,15,15,0,0,0,0,0,1,16,16,0,69,42,567,13.5,5,88,133.3,109.3,,15,
134,Kenny Britt\BritKe00,TEN,WR,21,16,6,0,0,0,0,0,0,0,,0,75,42,701,16.69,3,88,132.6,108.1,,49,
135,Fred Davis\DaviFr01,WAS,TE,23,16,10,0,0,0,0,0,0,0,,0,76,48,509,10.6,6,87,137.9,110.9,,16,
136,Michael Bush\BushMi00,OAK,RB,25,16,7,0,1,0,0,0,123,589,4.79,3,19,17,105,6.18,0,87,109.4,93.9,,42,
137,Earl Bennett\BennEa00,CHI,WR,22,16,15,0,0,0,0,0,0,0,,0,88,54,717,13.28,2,86,147.7,116.7,,51,
138,Bernard Berrian\BerrBe00,MIN,WR,29,16,15,0,0,0,0,0,0,0,,0,92,55,618,11.24,4,86,143.8,113.3,,50,
139,Chester Taylor\TaylCh01,MIN,RB,30,16,0,0,0,0,0,0,94,338,3.6,1,59,44,389,8.84,1,85,133.7,104.7,,43,
140,Jabar Gaffney\GaffJa00,DEN,WR,29,16,7,0,0,0,0,0,0,0,,0,87,54,732,13.56,2,85,142.2,112.2,,52,
141,Jake Delhomme\DelhJa00,CAR,QB,34,11,11,178,321,2015,8,18,17,60,3.53,0,0,0,0,,0,85,102.6,96.6,,30,
142,Antonio Bryant\BryaAn00,TAM,WR,28,13,11,0,0,0,0,0,0,0,,0,86,39,600,15.38,4,84,126,103.5,,53,
143,Malcom Floyd\FloyMa00,SDG,WR,28,16,9,0,0,0,0,0,0,0,,0,76,45,776,17.24,1,84,131.6,106.1,,54,
144,Dwayne Bowe\BoweDw00,KAN,WR,25,11,9,0,0,0,0,0,0,0,,0,87,47,589,12.53,4,83,132.4,105.4,,55,
145,Johnny Knox\KnoxJo00,CHI,WR,23,15,0,0,0,0,0,0,0,0,,0,80,45,527,11.71,5,83,135.2,108.2,,56,
146,Owen Daniels\DaniOw00,HOU,TE,27,8,8,0,0,0,0,0,0,0,,0,58,40,519,12.98,5,82,124.4,100.9,,17,
147,Laveranues Coles\ColeLa00,CIN,WR,32,16,13,0,0,0,0,0,2,10,5,0,77,43,514,11.95,5,82,128.4,103.9,,57,
148,Jacoby Jones\JoneJa03,HOU,WR,25,14,1,0,0,0,0,0,3,22,7.33,0,40,27,437,16.19,6,82,116.9,99.4,,58,
149,Kevin Faulk\FaulKe00,NWE,RB,33,15,7,0,0,0,0,0,62,335,5.4,2,53,37,301,8.14,1,82,124.1,99.1,,44,
150,Mohamed Massaquoi\MassMo00,CLE,WR,23,16,11,0,0,0,0,0,1,-3,-3,0,95,34,624,18.35,3,80,116.6,96.1,,59,
151,Ryan Moats\MoatRy00,HOU,RB,27,14,2,0,0,0,0,0,101,390,3.86,4,15,13,106,8.15,1,80,97.1,83.1,,45,
152,Louis Murphy\MurpLo00,OAK,WR,22,16,9,0,0,0,0,0,6,31,5.17,0,96,34,521,15.32,4,79,116.2,96.2,,60,
153,Jason Avant\AvanJa00,PHI,WR,26,16,9,0,0,0,0,0,0,0,,0,58,41,587,14.32,3,79,122.2,98.2,,61,
154,Justin Fargas\FargJu00,OAK,RB,29,12,4,0,0,0,0,0,129,491,3.81,3,21,17,113,6.65,0,78,100.9,85.9,,46,
155,Brian Hartline\HartBr00,MIA,WR,23,16,2,0,0,0,0,0,4,29,7.25,1,56,31,506,16.32,3,78,111.5,93,,62,
156,Josh Morgan\MorgJo00,SFO,WR,24,16,15,0,0,0,0,0,5,61,12.2,0,80,52,527,10.13,3,77,131.8,102.8,,63,
157,Kevin Walter\WaltKe00,HOU,WR,28,14,14,0,0,0,0,0,4,26,6.5,0,70,53,611,11.53,2,76,131.7,102.2,,64,
158,Marshawn Lynch\LyncMa00,BUF,RB,23,13,6,0,0,0,0,0,120,450,3.75,2,37,28,179,6.39,0,75,107.4,85.9,,47,
159,Jeremy Shockey\ShocJe00,NOR,TE,29,13,12,0,0,0,0,0,0,0,,0,67,48,569,11.85,3,75,125.9,98.9,,18,
160,Michael Crabtree\CrabMi00,SFO,WR,22,11,11,0,0,0,0,0,0,0,,0,86,48,625,13.02,2,75,125,97.5,,65,
161,Derrick Ward\WardDe01,TAM,RB,29,14,1,0,0,0,0,0,114,409,3.59,1,24,20,150,7.5,2,74,99.9,83.9,,48,
162,James Jones\JoneJa04,GNB,WR,25,16,3,0,0,0,0,0,0,0,,0,62,32,440,13.75,5,74,109,90,,66,
163,Maurice Morris\MorrMa00,DET,RB,30,14,3,0,0,0,0,0,93,384,4.13,2,38,26,210,8.08,0,73,104.9,85.4,,49,
164,Torry Holt\HoltTo00,JAX,WR,33,15,12,0,0,0,0,0,0,0,,0,103,51,722,14.16,0,72,125.7,96.7,,67,
165,Matt Moore\MoorMa01,CAR,QB,25,7,5,85,138,1053,8,2,12,-3,-0.25,0,0,0,0,,0,70,73.8,69.8,,31,
166,Michael Jenkins\JenkMi00,ATL,WR,27,15,9,0,0,0,0,0,0,0,,0,90,50,635,12.7,1,70,122.5,94.5,,68,
167,Leonard Weaver\WeavLe00,PHI,RB,27,16,8,0,0,0,0,0,70,323,4.61,2,26,15,140,9.33,2,70,91.3,77.8,,50,
168,Ben Watson\WatsBe00,NWE,TE,29,16,7,0,0,0,0,0,0,0,,0,41,29,404,13.93,5,70,102.4,84.9,,19,
169,Bruce Gradkowski\GradBr00,OAK,QB,26,7,4,82,150,1007,6,3,18,108,6,0,0,0,0,,0,69,75.6,67.1,,32,
170,Marc Bulger\BulgMa00,STL,QB,32,9,8,140,247,1469,5,6,8,22,2.75,0,0,0,0,,0,69,75,69,,33,
171,Tashard Choice\ChoiTa00,DAL,RB,25,16,0,0,0,0,0,0,64,349,5.45,3,22,15,132,8.8,0,68,89.1,75.6,,51,
172,Trent Edwards\EdwaTr01,BUF,QB,26,8,7,110,183,1169,6,7,14,106,7.57,0,0,0,0,,0,67,79.9,73.4,,34,
173,Clinton Portis\PortCl00,WAS,RB,28,8,8,0,1,0,0,0,124,494,3.98,1,12,9,57,6.33,1,67,78.6,70.6,,52,
174,Dustin Keller\KellDu00,NYJ,TE,25,16,12,0,0,0,0,0,1,7,7,0,82,45,522,11.6,2,67,114.4,88.4,,20,
175,Shonn Greene\GreeSh00,NYJ,RB,24,14,0,0,0,0,0,0,108,540,5,2,5,0,0,,0,66,67.5,63,,55,
176,Darren McFadden\McFaDa00,OAK,RB,22,12,7,0,0,0,0,0,104,357,3.43,1,36,21,245,11.67,0,66,90.7,71.7,,53,
177,Larry Johnson\JohnLa00,2TM,RB,30,14,7,0,0,0,0,0,178,581,3.26,0,21,15,80,5.33,0,66,83.1,71.6,,54,
178,Kerry Collins\CollKe00,TEN,QB,37,7,6,119,216,1225,6,8,11,15,1.36,1,0,0,0,,0,65,74,69.5,,35,
179,Muhsin Muhammad\MuhaMu00,CAR,WR,36,14,13,0,0,0,0,0,0,0,,0,89,53,581,10.96,1,64,120.1,90.6,,69,
180,Marcedes Lewis\LewiMa00,JAX,TE,25,15,15,0,0,0,0,0,0,0,,0,59,32,518,16.19,2,64,98.3,78.8,,21,
181,Andre Caldwell\CaldAn00,CIN,WR,24,16,3,0,0,0,0,0,3,22,7.33,0,80,51,432,8.47,3,63,115.4,84.9,,70,
182,Mark Clayton\ClayMa01,BAL,WR,27,14,12,1,1,0,0,0,4,28,7,0,74,34,480,14.12,2,63,99.3,78.8,,71,
183,Donald Brown\BrowDo00,IND,RB,22,11,1,0,0,0,0,0,78,281,3.6,3,14,11,169,15.36,0,63,79.5,67.5,,56,
184,Sammy Morris\MorrSa00,NWE,RB,32,12,5,0,0,0,0,0,73,319,4.37,2,27,19,180,9.47,0,62,85.9,69.4,,57,
185,Josh Cribbs\CribJo01,CLE,WR,26,16,12,1,4,18,0,1,55,381,6.93,1,37,20,135,6.75,1,62,110.3,91.3,,72,
186,Shaun Hill\HillSh00,SFO,QB,29,6,6,87,155,943,5,2,8,70,8.75,0,0,0,0,,0,61,64.2,59.7,,36,
187,Jamal Lewis\LewiJa00,CLE,RB,30,9,8,0,0,0,0,0,143,500,3.5,0,11,8,88,11,0,61,71.8,64.8,,58,
188,Bryant Johnson\JohnBr02,DET,WR,28,16,16,0,0,0,0,0,0,0,,0,87,35,417,11.91,3,60,97.7,77.2,,74,
189,Mike Thomas\ThomMi01,JAX,WR,22,14,4,0,0,0,0,0,12,86,7.17,0,62,48,453,9.44,1,60,110.4,82.9,,73,
190,Brian Westbrook\WestBr00,PHI,RB,30,8,7,0,1,0,0,0,61,274,4.49,1,34,25,181,7.24,1,58,88.5,70,,60,
191,Mike Tolbert\TolbMi00,SDG,RB,24,16,3,0,0,0,0,0,25,148,5.92,1,22,17,192,11.29,3,58,80.5,65.5,,59,
192,Brandon Stokley\StokBr00,DEN,WR,33,16,2,0,0,0,0,0,0,0,,0,33,19,327,17.21,4,57,78.7,66.2,,75,
193,Ted Ginn\GinnTe00,MIA,WR,24,16,12,0,0,0,0,0,7,48,6.86,0,78,38,454,11.95,1,56,108.2,85.2,,77,
194,Justin Gage\GageJu00,TEN,WR,28,12,10,0,0,0,0,0,0,0,,0,67,28,383,13.68,3,56,87.3,70.3,,76,
195,Kelley Washington\WashKe00,BAL,WR,30,15,2,0,0,0,0,0,1,1,1,0,48,34,431,12.68,2,55,92.2,72.2,,79,
196,Greg Camarillo\CamaGr00,MIA,WR,27,16,16,0,0,0,0,0,0,0,,0,72,50,552,11.04,0,55,108.2,80.2,,78,
197,Deion Branch\BranDe00,SEA,WR,30,14,5,0,0,0,0,0,1,-8,-8,0,79,45,437,9.71,2,55,102.9,77.4,,80,
198,Devin Aromashodu\AromDe00,CHI,WR,25,10,2,0,0,0,0,0,0,0,,0,43,24,298,12.42,4,54,80.8,65.8,,81,
199,Tony Scheffler\ScheTo00,DEN,TE,26,15,9,0,0,0,0,0,0,0,,0,50,31,416,13.42,2,54,87.6,69.1,,22,
200,Antwaan Randle El\RandAn00,WAS,WR,30,16,3,0,0,0,0,0,0,0,,0,77,50,530,10.6,0,53,104,74,,82,
201,Fred Taylor\TaylFr00,NWE,WR,33,6,1,0,0,0,0,0,63,269,4.27,4,3,2,17,8.5,0,53,57.1,52.6,,83,
202,Arian Foster\FostAr00,HOU,RB,23,6,1,0,0,0,0,0,54,257,4.76,3,9,8,93,11.63,0,53,63.5,56,,61,
203,Rock Cartwright\CartRo01,WAS,RB,30,16,2,0,0,0,0,0,64,228,3.56,0,32,27,242,8.96,1,53,86,66.5,,62,
204,Ladell Betts\BettLa00,WAS,RB,30,10,2,0,0,0,0,0,56,210,3.75,2,21,17,179,10.53,0,51,73.9,59.4,,64,
205,Willie Parker\ParkWi00,PIT,RB,29,14,3,0,0,0,0,0,98,389,3.97,0,7,6,64,10.67,1,51,59.3,52.3,,63,
206,Brandon Jackson\JackBr00,GNB,RB,24,12,0,0,0,0,0,0,37,111,3,2,26,21,187,8.9,1,50,76.3,59.3,,67,
207,Bo Scaife\ScaiBo00,TEN,TE,28,14,10,0,0,0,0,0,0,0,,0,70,45,440,9.78,1,50,97.5,71.5,,23,
208,Bobby Wade\WadeBo00,KAN,WR,28,12,6,0,0,0,0,0,3,11,3.67,0,74,36,367,10.19,2,50,87.3,64.8,,85,
209,Devin Thomas\ThomDe02,WAS,WR,23,14,10,0,0,0,0,0,3,-2,-0.67,0,47,25,325,13,3,50,78.3,62.8,,84,
210,Chris Brown\BrowCh03,HOU,RB,28,14,4,0,1,0,0,1,79,267,3.38,3,21,16,74,4.63,0,50,69.6,58.1,,65,
211,Jerious Norwood\NorwJe00,ATL,RB,26,10,4,0,0,0,0,0,76,252,3.32,0,22,19,186,9.79,1,50,74.3,58.3,,66,
212,Chaz Schilens\SchiCh00,OAK,WR,24,8,8,0,0,0,0,0,0,0,,0,52,29,365,12.59,2,49,80.5,63,,86,
213,Quinton Ganther\GantQu00,WAS,RB,25,8,4,0,0,0,0,0,62,201,3.24,3,10,9,99,11,0,48,60,52.5,,68,
214,Will Heller\HellWi00,DET,TE,28,16,9,0,0,0,0,0,0,0,,0,50,29,296,10.21,3,48,79.6,62.1,,24,
215,Mark Bradley\BradMa00,KAN,WR,27,13,6,1,1,26,0,0,2,20,10,0,57,24,320,13.33,2,47,74,59,,87,
216,Brandon Pettigrew\PettBr00,DET,TE,24,11,11,0,0,0,0,0,0,0,,0,54,30,346,11.53,2,47,79.1,60.6,,25,
217,Daunte Culpepper\CulpDa00,DET,QB,32,8,5,89,157,945,3,6,18,91,5.06,0,0,0,0,,0,47,53.9,48.9,,37,
218,Leon Washington\WashLe00,NYJ,RB,27,7,0,0,0,0,0,0,72,331,4.6,0,26,15,131,8.73,0,46,66.7,52.7,,69,
219,Kevin Kolb\KolbKe00,PHI,QB,25,5,2,62,96,741,4,3,5,-1,-0.2,1,0,0,0,,0,46,50.5,46.5,,39,
220,JaMarcus Russell\RussJa00,OAK,QB,24,12,9,120,246,1287,3,11,18,44,2.44,0,0,0,0,,0,46,55.4,47.9,,38,
221,Anthony Fasano\FasaAn00,MIA,TE,25,14,14,0,0,0,0,0,0,0,,0,53,31,339,10.94,2,46,78.9,59.4,,26,
222,Chris Cooley\CoolCh00,WAS,TE,27,7,7,0,0,0,0,0,0,0,,0,45,29,332,11.45,2,45,76.7,58.7,,28,
223,Sam Aiken\AikeSa00,NWE,WR,29,14,7,0,0,0,0,0,0,0,,0,41,20,326,16.3,2,45,67.6,54.6,,88,
224,Daniel Fells\FellDa00,STL,TE,26,14,4,0,0,0,0,0,0,0,,0,35,21,273,13,3,45,68.8,54.8,,27,
225,Seneca Wallace\WallSe00,SEA,QB,29,13,2,78,120,700,3,2,16,2,0.13,1,3,2,29,14.5,0,45,49.6,43.1,,40,
226,Jordy Nelson\NelsJo00,GNB,WR,24,13,0,0,0,0,0,0,0,0,,0,31,22,320,14.55,2,44,67.5,52,,90,
227,Kyle Boller\BollKy00,STL,QB,28,7,4,98,176,899,3,6,13,76,5.85,0,0,0,0,,0,44,51.6,47.6,,41,
228,Chansi Stuckey\StucCh20,2TM,WR,26,15,3,0,0,0,0,0,2,6,3,0,66,30,318,10.6,2,44,77.4,59.4,,89,
229,Le'Ron McClain\McClLe00,BAL,RB,25,16,14,0,0,0,0,0,46,180,3.91,2,27,21,141,6.71,0,44,71.1,54.6,,70,
230,Mewelde Moore\MoorMe00,PIT,RB,27,16,0,1,1,6,1,0,35,118,3.37,0,31,21,153,7.29,2,43,70.3,53.8,,71,
231,Lex Hilliard\HillLe00,MIA,RB,25,16,0,0,0,0,0,0,23,89,3.87,1,20,20,158,7.9,2,43,65.7,52.7,,72,
232,Dante Rosario\RosaDa00,CAR,TE,25,14,8,0,0,0,0,0,0,0,,0,48,26,313,12.04,2,43,72.3,56.3,,29,
233,Maurice Stovall\StovMa00,TAM,WR,24,15,7,0,0,0,0,0,0,0,,0,47,24,366,15.25,1,43,69.6,54.6,,91,
234,Julian Edelman\EdelJu00,NWE,WR,23,11,7,0,0,0,0,0,2,5,2.5,0,54,37,359,9.7,1,42,81.9,59.9,,92,
235,Chris Redman\RedmCh00,ATL,QB,32,6,2,69,119,781,4,3,6,4,0.67,0,0,0,0,,0,42,47.1,43.6,,43,
236,Dennis Northcutt\NortDe00,DET,WR,32,16,2,0,0,0,0,0,0,0,,0,63,35,357,10.2,1,42,78.7,57.2,,93,
237,David Thomas\ThomDa02,NOR,TE,26,15,8,0,0,0,0,0,0,0,,0,48,35,356,10.17,1,42,79.6,59.1,,30,
238,Josh Johnson\JohnJo05,TAM,QB,23,6,4,63,125,685,4,8,22,148,6.73,0,0,0,0,,0,42,52.7,43.2,,42,
239,Brandon Gibson\GibsBr00,2TM,WR,22,10,4,0,0,0,0,0,0,0,,0,69,34,348,10.24,1,41,76.8,55.8,,94,
240,Derek Anderson\AndeDe00,CLE,QB,26,8,7,81,182,888,3,10,10,8,0.8,2,0,0,0,,0,40,50.8,45.3,,44,
241,Randy McMichael\McMiRa01,STL,TE,30,16,16,0,0,0,0,0,0,0,,0,62,34,332,9.76,1,39,76.2,56.2,,31,
242,Bernard Scott\ScotBe00,CIN,RB,25,13,2,0,0,0,0,0,74,321,4.34,0,8,5,67,13.4,0,39,52.3,46.3,,73,
243,Sammie Stroughter\StroSa00,TAM,WR,23,13,0,0,0,0,0,0,0,0,,0,60,31,334,10.77,1,39,79.4,60.9,,95,
244,John Paul Foschi\FoscJo00,CIN,TE,27,15,10,0,0,0,0,0,0,0,,0,37,27,260,9.63,2,38,67.5,50.5,,33,
245,Joel Dreessen\DreeJo00,HOU,TE,27,16,11,0,0,0,0,0,0,0,,0,39,26,320,12.31,1,38,67,51,,32,
246,Legedu Naanee\NaanLe00,SDG,WR,26,15,1,1,1,21,0,0,3,7,2.33,0,29,24,242,10.08,2,38,64.7,49.7,,97,
247,Jeff King\KingJe00,CAR,TE,26,16,15,0,0,0,0,0,0,0,,0,33,25,200,8,3,38,65.5,49.5,,34,
248,Danny Amendola\AmenDa00,STL,WR,24,14,2,0,0,0,0,0,3,-2,-0.67,0,63,43,326,7.58,1,38,82.4,55.9,,96,
249,David Anderson\AndeDa01,HOU,WR,26,16,8,0,0,0,0,0,0,0,,0,53,38,370,9.74,0,37,78,56,,98,
250,Glen Coffee\CoffGl00,SFO,RB,22,14,2,0,0,0,0,0,83,226,2.72,1,18,11,76,6.91,0,36,50.2,41.7,,75,
251,LenDale White\WhitLe01,TEN,RB,25,13,0,0,0,0,0,0,64,222,3.47,2,5,3,14,4.67,0,36,41.1,36.1,,76,
252,Chris Henry\HenrCh00,CIN,WR,26,8,0,0,0,0,0,0,0,0,,0,23,12,236,19.67,2,36,50.6,41.6,,99,
253,Rashad Jennings\JennRa00,JAX,RB,24,15,0,0,0,0,0,0,39,202,5.18,1,18,16,101,6.31,0,36,58.3,44.3,,74,
254,Spencer Havner\HavnSp00,GNB,TE,26,16,1,0,0,0,0,0,0,0,,0,10,7,112,16,4,35,45.2,38.7,,35,
255,Eddie Royal\RoyaEd00,DEN,WR,23,14,12,0,0,0,0,0,1,1,1,0,79,37,345,9.32,0,35,86.1,64.1,,102,
256,Malcolm Kelly\KellMa01,WAS,WR,23,16,10,0,0,0,0,0,0,0,,0,41,25,347,13.88,0,35,62.7,47.2,,101,
257,Josh Reed\ReedJo01,BUF,WR,29,14,4,0,0,0,0,0,0,0,,0,45,27,291,10.78,1,35,63.6,45.6,,100,
258,Daniel Graham\GrahDa00,DEN,TE,31,16,14,0,0,0,0,0,0,0,,0,43,28,289,10.32,1,35,65.9,48.9,,36,
259,Zach Miller\MillZa02,JAX,TE,25,14,0,0,0,0,0,0,1,3,3,0,27,21,212,10.1,2,34,57.5,44,,37,
260,Byron Leftwich\LeftBy00,TAM,QB,29,3,3,58,107,594,4,3,6,6,1,0,0,0,0,,0,34,39.4,35.4,,45,
261,Chris Jennings\JennCh00,CLE,RB,24,9,1,0,0,0,0,0,63,220,3.49,1,13,9,56,6.22,0,34,45.6,38.1,,77,
262,Brad Smith\SmitBr01,NYJ,WR,26,13,2,1,1,27,0,0,18,207,11.5,1,12,7,63,9,0,34,50.1,43.6,,103,
263,Donald Lee\LeexDo00,GNB,TE,29,16,10,0,0,0,0,0,0,0,,0,54,37,260,7.03,1,32,72,50.5,,38,
264,Brian Leonard\LeonBr00,CIN,RB,25,14,1,0,0,0,0,0,27,84,3.11,0,35,30,217,7.23,0,32,64.6,46.1,,78,
265,Michael Clayton\ClayMi00,TAM,WR,27,13,11,0,1,0,0,0,0,0,,0,48,16,230,14.38,1,31,50,39,,104,
266,Mike Sellers\SellMi00,WAS,RB,34,15,7,0,0,0,0,0,0,0,,0,26,17,176,10.35,2,30,49.1,37.1,,79,
267,Lance Moore\MoorLa00,NOR,WR,26,7,0,0,0,0,0,0,0,0,,0,19,14,153,10.93,2,29,44.3,34.3,,105,
268,Lynell Hamilton\HamiLy20,NOR,RB,24,9,1,0,0,0,0,0,35,125,3.57,2,7,5,48,9.6,0,29,37.3,31.8,,80,
269,Michael Vick\VickMi00,PHI,RB,29,12,1,6,13,86,1,0,24,95,3.96,2,0,0,0,,0,29,28.9,28.9,,81,
270,Johnnie Lee Higgins\HiggJo00,OAK,WR,26,15,5,0,0,0,0,0,2,21,10.5,0,45,19,263,13.84,0,28,48.4,33.9,,106,
271,Joey Haynos\HaynJo00,MIA,TE,25,16,8,0,0,0,0,0,0,0,,0,37,19,162,8.53,2,28,49.7,36.7,,40,
272,Aaron Brown\BrowAa00,DET,WR,24,15,2,0,0,0,0,0,27,131,4.85,0,15,9,84,9.33,1,28,39.5,32,,107,
273,Alge Crumpler\CrumAl00,TEN,TE,32,16,14,0,0,0,0,0,0,0,,0,37,27,222,8.22,1,28,57.7,40.7,,39,
274,Heath Evans\EvanHe00,NOR,RB,31,6,5,0,0,0,0,0,5,16,3.2,1,13,10,70,7,2,27,36.6,31.6,,82,
275,Delanie Walker\WalkHu00,SFO,TE,25,16,8,0,0,0,0,0,3,34,11.33,0,33,21,233,11.1,0,27,49.7,35.2,,41,
276,Ben Patrick\PatrBe00,ARI,TE,25,9,7,0,0,0,0,0,0,0,,0,16,12,146,12.17,2,27,41.6,32.6,,42,
277,Desmond Clark\ClarDe00,CHI,TE,32,11,7,0,0,0,0,0,0,0,,0,34,19,145,7.63,2,27,48.5,36,,43,
278,Early Doucet\DoucEa00,ARI,WR,24,9,0,0,0,0,0,0,0,0,,0,24,17,214,12.59,1,27,47.4,35.9,,108,
279,Sean Ryan\RyanSe00,KAN,TE,29,10,8,0,0,0,0,0,0,0,,0,27,14,135,9.64,2,26,42.5,32.5,,45,
280,Dwayne Jarrett\JarrDw00,CAR,WR,23,13,2,0,0,0,0,0,0,0,,0,31,17,196,11.53,1,26,45.6,34.1,,109,
281,Kellen Davis\DaviKe01,CHI,TE,24,16,2,0,0,0,0,0,0,0,,0,14,9,75,8.33,3,26,34.5,30,,46,
282,Isaac Bruce\BrucIs00,SFO,WR,37,10,7,0,0,0,0,0,1,-8,-8,0,49,21,264,12.57,0,26,49.6,36.1,,110,
283,Chris Baker\BakeCh00,NWE,TE,30,16,7,0,0,0,0,0,0,0,,0,19,14,142,10.14,2,26,43.2,33.2,,44,
284,Marty Booker\BookMa00,ATL,WR,33,16,1,0,0,0,0,0,1,7,7,0,31,16,181,11.31,1,25,43.8,32.8,,113,
285,John Kuhn\KuhnJo00,GNB,RB,27,14,6,0,0,0,0,0,8,18,2.25,1,7,7,47,6.71,2,25,31.5,28,,84,
286,Kenneth Darby\DarbKe00,STL,RB,27,16,1,0,0,0,0,0,27,152,5.63,0,24,18,96,5.33,0,25,45.8,33.8,,83,
287,Keenan Burton\BurtKe00,STL,WR,25,9,6,0,0,0,0,0,0,0,,0,45,25,253,10.12,0,25,53.3,37.8,,111,
288,David Clowney\ClowDa00,NYJ,WR,24,13,3,0,0,0,0,0,3,1,0.33,0,22,14,191,13.64,1,25,41.7,31.2,,112,
289,Domenik Hixon\HixoDo00,NYG,WR,25,14,2,0,0,0,0,0,0,0,,0,28,15,187,12.47,1,25,47.2,35.2,,114,
290,Ahman Green\GreeAh00,GNB,RB,32,8,0,0,0,0,0,0,41,160,3.9,1,5,3,18,6,0,24,29.8,25.3,,85,
291,Gary Barnidge\BarnGa01,CAR,TE,24,16,3,0,0,0,0,0,0,0,,0,21,12,242,20.17,0,24,38.7,29.2,,47,
292,Justin Peelle\PeelJu00,ATL,TE,30,15,8,0,0,0,0,0,0,0,,0,15,12,115,9.58,2,24,38.5,29.5,,48,
293,Leonard Pope\PopeLe00,KAN,TE,26,13,8,0,0,0,0,0,0,0,,0,30,20,174,8.7,1,23,46.4,33.4,,49,
294,Charlie Frye\FryeCh00,OAK,QB,28,3,3,53,87,581,1,4,4,41,10.25,0,0,0,0,,0,23,30.3,27.3,,46,
295,Laurent Robinson\RobiLa01,STL,WR,24,3,3,0,0,0,0,0,0,0,,0,23,13,167,12.85,1,23,38.7,29.2,,115,
296,David Carr\CarrDa00,NYG,QB,30,6,0,21,33,225,1,0,9,27,3,1,0,0,0,,0,22,21.2,20.7,,47,
297,Eric Weems\WeemEr00,ATL,WR,24,16,0,0,0,0,0,0,8,53,6.63,0,6,6,50,8.33,2,22,26.8,22.3,,116,
298,Vonta Leach\LeacVo00,HOU,RB,28,16,4,0,0,0,0,0,0,0,,0,26,20,155,7.75,1,22,44.5,31.5,,88,
299,Chad Simpson\SimpCh00,IND,RB,24,14,0,0,0,0,0,0,15,102,6.8,2,4,3,1,0.33,0,22,34.3,29.8,,87,
300,Kahlil Bell\BellKa00,CHI,RB,23,7,0,0,0,0,0,0,40,220,5.5,0,3,1,4,4,0,22,26.4,22.9,,86,
301,Shawn Nelson\NelsSh00,BUF,TE,24,12,12,0,0,0,0,0,0,0,,0,29,17,156,9.18,1,22,40.6,28.1,,50,
302,Jason Hill\HillJa00,SFO,WR,24,11,0,0,0,0,0,0,0,0,,0,16,9,90,10,2,21,30,25.5,,117,
303,Darrius Heyward-Bey\HeywDa00,OAK,WR,22,11,11,0,0,0,0,0,2,19,9.5,0,40,9,124,13.78,1,20,32.3,24.8,,118,
304,Brad Hoover\HoovBr00,CAR,RB,33,11,4,0,0,0,0,0,20,52,2.6,1,9,4,23,5.75,1,20,23,20.5,,89,
305,Demetrius Williams\WillDe03,BAL,WR,26,12,0,0,0,0,0,0,0,0,,0,17,8,142,17.75,1,20,31.2,24.2,,119,
306,Jerheme Urban\UrbaJe00,ARI,WR,29,10,0,0,0,0,0,0,0,0,,0,29,18,186,10.33,0,19,39.6,27.6,,120,
307,Robert Royal\RoyaRo00,CLE,TE,30,13,11,0,0,0,0,0,0,0,,0,26,11,134,12.18,1,19,33.4,24.9,,51,
308,Marcus Mason\MasoMa00,WAS,RB,25,10,0,0,0,0,0,0,32,127,3.97,0,7,6,58,9.67,0,19,27.5,21.5,,92,
309,Jason Wright\WrigJa01,ARI,RB,27,16,0,0,0,0,0,0,3,17,5.67,0,11,9,53,5.89,2,19,28,23.5,,91,
310,Garrett Wolfe\WolfGa00,CHI,RB,25,8,0,0,0,0,0,0,22,120,5.45,1,3,2,12,6,0,19,24.2,20.2,,90,
311,Jerramy Stevens\StevJe00,TAM,TE,30,16,8,0,0,0,0,0,0,0,,0,32,15,130,8.67,1,19,37,26.5,,52,
312,Todd Yoder\YodeTo00,WAS,TE,31,16,1,0,0,0,0,0,0,0,,0,5,4,9,2.25,3,19,22.9,20.9,,53,
313,Justin Griffith\GrifJu00,SEA,RB,29,13,11,0,0,0,0,0,4,6,1.5,0,26,19,118,6.21,1,18,39.9,26.9,,94,
314,Jerome Felton\FeltJe00,DET,RB,23,13,8,0,0,0,0,0,15,46,3.07,0,17,13,133,10.23,0,18,33.9,24.4,,95,
315,Mike Hart\HartMi00,IND,RB,23,9,0,0,0,0,0,0,26,70,2.69,1,8,5,54,10.8,0,18,23.4,20.9,,93,
316,Earnest Graham\GrahEa00,TAM,RB,29,13,6,0,0,0,0,0,14,66,4.71,0,22,14,109,7.79,0,18,34.5,24.5,,96,
317,Ernest Wilford\WilfEr00,JAX,TE,30,15,7,0,0,0,0,0,0,0,,0,21,11,123,11.18,1,18,32.3,23.8,,54,
318,Deon Butler\ButlDe00,SEA,WR,23,16,0,0,0,0,0,0,0,0,,0,42,15,175,11.67,0,18,35.5,25,,123,
319,Lance Long\LongLa00,2TM,WR,24,8,1,0,0,0,0,0,1,-1,-1,0,38,20,178,8.9,0,18,40.2,26.7,,122,
320,Jeff Dugan\DugaJe00,MIN,TE,28,16,4,0,0,0,0,0,3,7,2.33,0,6,6,52,8.67,2,18,23.9,20.9,,55,
321,Sam Hurd\HurdSa00,DAL,WR,24,16,1,0,0,0,0,0,0,0,,0,12,7,121,17.29,1,18,28.1,21.6,,121,
322,Keith Null\NullKe00,STL,QB,24,4,4,73,119,566,3,9,5,6,1.2,0,0,0,0,,0,17,27.7,23.2,,48,
323,Dennis Dixon\DixoDe00,PIT,QB,24,1,1,12,26,145,1,1,3,27,9,1,0,0,0,,0,17,17.5,17.5,,51,
324,Brodie Croyle\CroyBr00,KAN,QB,26,3,1,23,40,230,2,0,0,0,,0,0,0,0,,0,17,16.7,16.2,,50,
325,Lousaka Polite\PoliLo00,MIA,RB,28,16,9,0,0,0,0,0,37,123,3.32,0,23,11,51,4.64,0,17,30.9,21.9,,97,
326,Mike Furrey\FurrMi00,CLE,WR,32,16,4,0,0,0,0,0,0,0,,0,39,23,170,7.39,0,17,43,28.5,,124,
327,Chad Pennington\PennCh01,MIA,QB,33,3,3,51,74,413,1,2,3,7,2.33,0,0,0,0,,0,17,20.7,16.2,,49,
328,Derek Hagan\HagaDe00,NYG,WR,25,16,0,0,0,0,0,0,0,0,,0,8,8,101,12.63,1,16,27.1,20.1,,125,
329,Greg Lewis\LewiGr01,MIN,WR,29,13,1,0,0,0,0,0,0,0,,0,11,8,96,12,1,16,23.6,19.6,,126,
330,Evan Moore\MoorEv00,CLE,TE,24,5,0,0,0,0,0,0,0,0,,0,23,12,158,13.17,0,16,30.8,21.8,,57,
331,Martellus Bennett\BennMa00,DAL,TE,22,14,6,0,0,0,0,0,0,0,,0,30,15,159,10.6,0,16,33.9,23.4,,56,
332,LaRod Stephens-Howling\StepLa00,ARI,RB,22,16,2,0,0,0,0,0,6,15,2.5,0,18,10,83,8.3,1,16,31.3,25.8,,98,
333,Daniel Coats\CoatDa00,CIN,TE,25,16,11,0,0,0,0,0,0,0,,0,31,16,150,9.38,0,15,33,21,,58,
334,Danny Ware\WareDa00,NYG,RB,24,8,0,0,0,0,0,0,13,73,5.62,1,4,3,15,5,0,15,17.3,15.3,,99,
335,Danny Woodhead\WoodDa02,NYJ,WR,24,10,0,0,0,0,0,0,15,64,4.27,0,14,8,87,10.88,0,15,23.1,19.1,,128,
336,Reggie Brown\BrowRe01,PHI,WR,28,14,2,0,0,0,0,0,1,-3,-3,0,24,9,155,17.22,0,15,27.2,19.7,,127,
337,Brian Hoyer\HoyeBr00,NWE,QB,24,5,0,19,27,142,0,0,10,25,2.5,1,0,0,0,,0,14,14.2,14.2,,52,
338,Edgerrin James\JameEd00,SEA,RB,31,7,0,0,0,0,0,0,46,125,2.72,0,3,3,19,6.33,0,14,19.9,14.9,,100,
339,Mike Cox\Cox_Mi20,KAN,RB,24,16,10,0,0,0,0,0,3,5,1.67,1,13,10,79,7.9,0,14,24.4,19.4,,101,
340,Michael Bennett\BennMi00,SDG,RB,31,6,0,0,0,0,0,0,23,65,2.83,0,7,6,65,10.83,0,13,19,16,,107,
341,Moran Norris\NorrMo00,SFO,RB,31,16,7,0,0,0,0,0,14,41,2.93,1,11,7,31,4.43,0,13,19.7,15.7,,103,
342,Tyrell Sutton\SuttTy00,CAR,RB,23,7,1,0,0,0,0,0,12,68,5.67,0,11,6,62,10.33,0,13,19,16,,106,
343,Naufahu Tahi\TahiNa00,MIN,RB,28,15,2,0,0,0,0,0,3,5,1.67,0,12,10,67,6.7,1,13,23.2,18.2,,105,
344,Tim Castille\CastTi20,KAN,RB,25,7,0,0,1,0,0,1,14,55,3.93,0,6,4,37,9.25,1,13,17.7,15.2,,104,
345,BenJarvus Green-Ellis\GreeBe00,NWE,RB,24,12,0,0,0,0,0,0,26,114,4.38,0,5,2,11,5.5,0,13,17.5,13.5,,108,
346,Steve Heiden\HeidSt00,CLE,TE,33,7,6,0,0,0,0,0,0,0,,0,17,10,73,7.3,1,13,22.8,17.3,,59,
347,Casey Fitzsimmons\FitzCa00,DET,WR,29,12,1,0,0,0,0,0,0,0,,0,27,18,128,7.11,0,13,33.3,20.8,,130,
348,Nate Hughes\HughNa00,JAX,WR,24,8,0,0,0,0,0,0,0,0,,0,12,5,70,14,1,13,18,15.5,,129,
349,Peyton Hillis\HillPe00,DEN,RB,23,14,2,0,0,0,0,0,13,54,4.15,1,6,4,19,4.75,0,13,16.8,14.3,,102,
350,Anthony Becht\BechAn00,ARI,TE,32,16,10,0,0,0,0,0,0,0,,0,12,7,61,8.71,1,12,18.6,14.6,,60,
351,Michael Gaines\GainMi00,2TM,TE,29,10,7,0,0,0,0,0,0,0,,0,9,5,59,11.8,1,12,16.9,14.4,,62,
352,Brad Cottam\CottBr00,KAN,TE,25,8,1,0,0,0,0,0,0,0,,0,15,9,120,13.33,0,12,24,16.5,,61,
353,Ovie Mughelli\MughOv00,ATL,RB,29,14,7,0,0,0,0,0,4,10,2.5,0,10,7,51,7.29,1,12,19.1,15.6,,109,
354,Brandon Lloyd\LloyBr00,DEN,WR,28,2,1,0,0,0,0,0,0,0,,0,18,8,117,14.63,0,12,22.7,15.7,,131,
355,Tarvaris Jackson\JackTa00,MIN,QB,26,8,0,14,21,201,1,0,17,-10,-0.59,0,0,0,0,,0,11,11,11,,53,
356,Matt Leinart\LeinMa00,ARI,QB,26,8,1,51,77,435,0,3,9,-6,-0.67,0,0,0,0,,0,11,16.3,12.8,,54,
357,Brian Finneran\FinnBr00,ATL,WR,33,10,2,0,0,0,0,0,0,0,,0,16,11,111,10.09,0,11,25.1,16.6,,132,
358,Lavelle Hawkins\HawkLa00,TEN,WR,23,10,0,0,0,0,0,0,0,0,,0,14,7,110,15.71,0,11,21,14.5,,133,
359,Jarett Dillard\DillJa00,JAX,WR,24,7,0,0,0,0,0,0,0,0,,0,8,6,106,17.67,0,11,19.6,13.6,,135,
360,Brian Robiskie\RobiBr00,CLE,WR,22,11,1,0,0,0,0,0,0,0,,0,20,7,106,15.14,0,11,20.6,14.1,,134,
361,Tom Santi\SantTo00,IND,TE,24,3,2,0,0,0,0,0,0,0,,0,11,8,107,13.38,0,11,21.2,13.7,,63,
362,Gary Russell\RussGa00,OAK,RB,23,12,4,0,0,0,0,0,3,0,0,0,15,12,96,8,0,10,21.1,14.6,,113,
363,Dantrell Savage\SavaDa20,KAN,RB,24,5,0,0,0,0,0,0,10,45,4.5,0,11,7,51,7.29,0,10,16.1,12.1,,112,
364,Billy Volek\VoleBi00,SDG,QB,33,4,0,20,31,231,1,1,9,-9,-1,0,0,0,0,,0,10,11.3,11.3,,55,
365,Derek Schouman\SchoDe00,BUF,TE,24,2,2,0,0,0,0,0,0,0,,0,11,9,103,11.44,0,10,22.3,14.8,,64,
366,Eldra Buckley\BuckEl00,PHI,RB,24,16,0,0,0,0,0,0,15,44,2.93,1,0,0,0,,0,10,10.4,10.4,,110,
367,Jacob Hester\HestJa00,SDG,RB,24,15,10,0,0,0,0,0,21,74,3.52,0,11,9,24,2.67,0,10,24.3,19.3,,111,
368,Kevin Ogletree\OgleKe00,DAL,WR,22,11,0,0,0,0,0,0,1,6,6,0,8,7,96,13.71,0,10,16.2,11.7,,136,
369,Ruvell Martin\MartRu00,STL,WR,27,8,0,0,0,0,0,0,0,0,,0,12,6,99,16.5,0,10,15.9,12.9,,137,
370,LaMont Jordan\JordLa00,DEN,RB,31,9,0,0,0,0,0,0,25,86,3.44,0,4,0,0,,0,9,8.6,8.6,,116,
371,Lawrence Vickers\VickLa00,CLE,RB,26,16,9,0,0,0,0,0,0,0,,0,18,8,27,3.38,1,9,16.2,11.7,,115,
372,Corey McIntyre\McInCo00,BUF,RB,30,15,4,0,0,0,0,0,5,34,6.8,0,8,7,55,7.86,0,9,15.9,12.4,,114,
373,Matt Spaeth\SpaeMa00,PIT,TE,26,16,8,0,0,0,0,0,0,0,,0,7,5,25,5,1,9,13,10,,68,
374,Billy Bajema\BajeBi00,STL,TE,27,16,5,0,0,0,0,0,0,0,,0,11,8,94,11.75,0,9,17.4,13.4,,65,
375,Kory Sperry\SperKo00,MIA,TE,24,8,1,0,0,0,0,0,0,0,,0,6,3,31,10.33,1,9,12.1,10.6,,66,
376,Todd Watkins\WatkTo20,OAK,WR,26,13,1,0,0,0,0,0,0,0,,0,19,8,90,11.25,0,9,17,13,,138,
377,Kris Wilson\WilsKr00,SDG,TE,28,16,0,0,0,0,0,0,0,0,,0,6,4,28,7,1,9,12.8,10.8,,67,
378,Owen Schmitt\SchmOw00,SEA,RB,24,15,1,0,0,0,0,0,0,0,,0,11,6,21,3.5,1,8,14.1,11.1,,119,
379,Darnell Dinkins\DinkDa00,NOR,TE,32,11,3,0,0,0,0,0,0,0,,0,7,5,22,4.4,1,8,13.2,10.7,,69,
380,Madison Hedgecock\HedgMa00,NYG,RB,28,16,9,0,0,0,0,0,0,0,,0,9,4,23,5.75,1,8,12.3,10.3,,118,
381,Tony Stewart\StewTo00,OAK,TE,30,15,4,0,0,0,0,0,0,0,,0,15,10,78,7.8,0,8,17.8,12.8,,70,
382,Ahmard Hall\HallAh00,TEN,RB,30,16,7,0,0,0,0,0,1,5,5,0,16,12,79,6.58,0,8,19.4,12.4,,117,
383,Kevin Curtis\CurtKe00,PHI,WR,31,3,1,0,0,0,0,0,0,0,,0,15,6,77,12.83,0,8,13.7,10.7,,140,
384,Troy Smith\SmitTr02,BAL,QB,25,4,0,5,9,24,0,1,8,31,3.88,1,0,0,0,,0,8,9.1,9.1,,57,
385,Pat White\WhitPa01,MIA,QB,23,13,0,0,5,0,0,0,21,81,3.86,0,0,0,0,,0,8,7.6,7.1,,56,
386,Sinorice Moss\MossSi00,NYG,WR,26,8,0,0,0,0,0,0,0,0,,0,4,1,18,18,1,8,8.3,7.3,,139,
387,Drew Stanton\StanDr00,DET,QB,25,3,1,26,51,259,0,6,9,33,3.67,1,0,0,0,,0,8,13.2,12.7,,58,
388,Louis Rankin\RankLo00,2TM,RB,24,9,0,0,0,0,0,0,8,36,4.5,0,7,5,33,6.6,0,7,11.4,8.4,,120,
389,Chris Ogbonnaya\OgboCh00,STL,RB,23,2,0,0,0,0,0,0,11,50,4.55,0,2,1,19,19,0,7,7.9,7.4,,121,
390,Jim Kleinsasser\KleiJi00,MIN,TE,32,16,8,0,0,0,0,0,0,0,,0,16,10,70,7,0,7,17,12,,72,
391,Jared Cook\CookJa02,TEN,TE,22,14,0,0,0,0,0,0,0,0,,0,15,9,74,8.22,0,7,16.4,11.9,,71,
392,Joey Galloway\GallJo00,NWE,WR,38,3,2,0,0,0,0,0,0,0,,0,20,7,67,9.57,0,7,13.7,10.2,,142,
393,Terrance Copper\CoppTe00,KAN,WR,27,15,2,0,0,0,0,0,0,0,,0,6,4,68,17,0,7,10.8,8.8,,141,
394,Brian Clark\ClarBr00,TAM,WR,26,14,0,0,0,0,0,0,0,0,,0,18,6,65,10.83,0,7,12.5,9.5,,143,
395,Ben Hartsock\HartBe00,NYJ,TE,29,16,7,0,0,0,0,0,0,0,,0,4,1,2,2,1,6,7.2,6.7,,76,
396,Gijon Robinson\RobiGi21,IND,TE,25,13,10,0,0,0,0,0,0,0,,0,15,9,62,6.89,0,6,15.2,10.7,,77,
397,Adrian Peterson\PeteAd00,CHI,RB,30,14,0,0,0,0,0,0,7,51,7.29,0,2,2,11,5.5,0,6,8.2,7.2,,123,
398,John Phillips\PhilJo00,DAL,TE,22,16,4,0,0,0,0,0,0,0,,0,9,7,62,8.86,0,6,13.2,9.7,,75,
399,Mike Goodson\GoodMi00,CAR,RB,22,8,0,0,0,0,0,0,22,49,2.23,0,2,2,15,7.5,0,6,7.9,6.4,,122,
400,Patrick Cobbs\CobbPa00,MIA,RB,26,5,0,0,0,0,0,0,6,36,6,0,4,3,23,7.67,0,6,8.9,7.4,,124,
401,Tony Richardson\RichTo00,NYJ,RB,38,16,10,0,0,0,0,0,7,48,6.86,0,5,3,10,3.33,0,6,8.8,7.3,,125,
402,Derrick Williams\WillDe05,DET,WR,23,11,0,0,0,0,0,0,1,4,4,0,13,6,52,8.67,0,6,10.6,6.6,,148,
403,Craig Davis\DaviCr00,SDG,WR,24,1,0,0,0,0,0,0,1,4,4,0,7,6,52,8.67,0,6,11.6,8.6,,147,
404,Todd Collins\CollTo00,WAS,QB,38,3,0,12,23,144,0,0,1,0,0,0,0,0,0,,0,6,4.8,3.8,,59,
405,Travis Beckum\BeckTr00,NYG,TE,22,15,2,0,0,0,0,0,0,0,,0,10,8,55,6.88,0,6,13.5,9.5,,78,
406,James Casey\CaseJa00,HOU,TE,25,15,0,0,0,0,0,0,0,0,,0,12,6,64,10.67,0,6,12.4,9.4,,73,
407,Bobby Engram\EngrBo00,KAN,WR,36,5,0,0,0,0,0,0,0,0,,0,10,5,61,12.2,0,6,11.1,8.6,,144,
408,Andre' Davis\DaviAn01,HOU,WR,30,14,1,0,0,0,0,0,0,0,,0,11,6,59,9.83,0,6,11.9,8.9,,145,
409,Kenny Moore\MoorKe00,CAR,WR,24,12,1,0,0,0,0,0,0,0,,0,11,6,59,9.83,0,6,11.4,7.9,,146,
410,Derek Fine\FineDe00,BUF,TE,26,8,6,0,0,0,0,0,0,0,,0,18,9,64,7.11,0,6,15.4,10.9,,74,
411,Samkon Gado\GadoSa00,STL,RB,27,15,0,0,0,0,0,0,14,26,1.86,0,3,3,25,8.33,0,5,8.1,6.6,,127,
412,Jeremi Johnson\JohnJe00,CIN,RB,29,16,8,0,0,0,0,0,4,8,2,0,12,6,41,6.83,0,5,10.4,6.9,,128,
413,Aaron Stecker\StecAa00,ATL,RB,34,9,0,0,0,0,0,0,5,15,3,0,5,5,34,6.8,0,5,9.9,7.4,,129,
414,Albert Young\YounAl01,MIN,RB,24,7,0,0,0,0,0,0,12,53,4.42,0,0,0,0,,0,5,5.3,5.3,,126,
415,Greg Estandia\EstaGr01,2TM,TE,27,6,1,0,0,0,0,0,0,0,,0,13,4,45,11.25,0,5,8.5,6.5,,79,
416,Quinten Lawrence\LawrQu00,KAN,WR,25,6,1,0,0,0,0,0,2,42,21,0,2,1,9,9,0,5,6.1,5.6,,150,
417,Kellen Clemens\ClemKe00,NYJ,QB,26,10,1,13,26,125,0,0,12,1,0.08,0,0,0,0,,0,5,4.1,3.1,,60,
418,Javon Ringer\RingJa00,TEN,RB,22,7,0,0,0,0,0,0,8,48,6,0,0,0,0,,0,5,4.8,4.8,,130,
419,Quan Cosby\CosbQu00,CIN,WR,27,16,0,0,0,0,0,0,1,-2,-2,0,6,4,55,13.75,0,5,8.3,5.3,,149,
420,Gartrell Johnson\JohnGa01,NYG,RB,23,10,0,0,0,0,0,0,13,43,3.31,0,1,0,0,,0,4,4.3,4.3,,131,
421,Jacob Tamme\TammJa00,IND,TE,24,16,1,0,0,0,0,0,0,0,,0,10,3,35,11.67,0,4,6.5,5,,82,
422,Jonathan Stupar\StupJo00,BUF,TE,25,14,2,0,0,0,0,0,0,0,,0,11,6,40,6.67,0,4,10,7,,80,
423,Rashied Davis\DaviRa00,CHI,WR,30,16,0,0,0,0,0,0,0,0,,0,8,5,35,7,0,4,8.5,6,,154,
424,Roscoe Parrish\ParrRo00,BUF,WR,27,12,0,0,0,0,0,0,2,4,2,0,6,3,34,11.33,0,4,4.3,0.3,,153,
425,Greg Jones\JoneGr01,JAX,RB,28,13,7,0,0,0,0,0,4,23,5.75,0,10,5,14,2.8,0,4,8.7,6.2,,135,
426,Arnaz Battle\BattAr00,SFO,WR,29,15,0,0,0,0,0,0,0,0,,0,5,5,40,8,0,4,6,0.5,,152,
427,Ben Obomanu\ObomBe00,SEA,WR,26,14,0,0,0,0,0,0,0,0,,0,5,4,41,10.25,0,4,7.6,5.1,,151,
428,Tyler Thigpen\ThigTy00,2TM,QB,25,2,0,4,8,83,1,2,2,3,1.5,0,0,0,0,,0,4,5.6,5.6,,61,
429,Kolby Smith\SmitKo00,KAN,RB,25,4,0,0,0,0,0,0,15,33,2.2,0,2,2,9,4.5,0,4,6.2,5.2,,132,
430,Korey Hall\HallKo99,GNB,RB,26,11,5,0,0,0,0,0,0,0,,0,7,5,41,8.2,0,4,9.1,6.6,,133,
431,Stephen Spach\SpacSt00,ARI,TE,27,7,5,0,0,0,0,0,0,0,,0,10,4,38,9.5,0,4,7.8,5.8,,81,
432,DeShawn Wynn\WynnDe00,GNB,RB,26,4,0,0,0,0,0,0,6,19,3.17,0,7,2,19,9.5,0,4,5.8,4.8,,134,
433,L.J. Smith\SmitL.00,BAL,TE,29,12,0,0,0,0,0,0,0,0,,0,3,2,31,15.5,0,3,5.1,4.1,,84,
434,Hank Baskett\BaskHa00,2TM,WR,27,12,0,0,0,0,0,0,0,0,,0,12,5,34,6.8,0,3,8.4,5.9,,155,
435,Brian St. Pierre\St.PBr20,ARI,QB,30,1,0,2,4,12,1,1,1,2,2,0,0,0,0,,0,3,3.2,2.7,,63,
436,J.T. O'Sullivan\OSulJ.00,CIN,QB,30,3,0,4,11,40,0,0,3,12,4,0,0,0,0,,0,3,1.8,0.8,,62,
437,Troy Williamson\WillTr01,JAX,WR,26,2,1,0,0,0,0,0,0,0,,0,4,3,34,11.33,0,3,5.9,3.9,,156,
438,Marko Mitchell\MitcMa00,WAS,WR,24,10,0,0,0,0,0,0,0,0,,0,7,4,32,8,0,3,7.2,5.2,,157,
439,Jake Nordin\NordJa00,DET,WR,25,4,1,0,0,0,0,0,0,0,,0,3,2,26,13,0,3,4.6,3.6,,158,
440,Darcy Johnson\JohnDa03,NYG,TE,26,13,4,0,0,0,0,0,0,0,,0,7,5,32,6.4,0,3,7.7,4.7,,83,
441,Alex Smith\SmitAl02,PHI,WR,27,16,5,0,0,0,0,0,0,0,,0,8,3,25,8.33,0,3,5.5,4,,159,
442,Michael Robinson\RobiMi00,SFO,RB,26,15,0,0,0,0,0,0,3,2,0.67,0,11,6,24,4,0,3,8.6,5.6,,137,
443,Luke Lawton\LawtLu00,OAK,RB,29,13,3,0,0,0,0,0,0,0,,0,10,7,31,4.43,0,3,10.1,6.6,,136,
444,Carey Davis\DaviCa00,PIT,RB,28,6,0,0,0,0,0,0,2,15,7.5,0,0,0,0,,0,2,1.5,1.5,,146,
445,Jalen Parmele\ParmJa00,BAL,RB,24,7,0,0,0,0,0,0,5,17,3.4,0,0,0,0,,0,2,1.7,1.7,,145,
446,Brandon Jones\JoneBr02,SFO,WR,27,8,0,0,0,0,0,0,0,0,,0,5,1,18,18,0,2,2.8,2.3,,163,
447,Kassim Osgood\OsgoKa00,SDG,WR,29,16,0,0,0,0,0,0,0,0,,0,5,1,17,17,0,2,2.7,2.2,,164,
448,Dan Kreider\KreiDa00,ARI,RB,32,14,3,0,0,0,0,0,0,0,,0,6,4,20,5,0,2,6,4,,142,
449,Ramses Barden\BardRa00,NYG,WR,23,3,0,0,0,0,0,0,0,0,,0,1,1,16,16,0,2,2.6,2.1,,165,
450,Brian Brohm\BrohBr00,BUF,QB,24,2,1,17,29,146,0,2,3,-3,-1,0,0,0,0,,0,2,3.5,3.5,,64,
451,Jackie Battle\BattJa00,KAN,RB,26,5,0,0,0,0,0,0,7,21,3,0,2,2,-3,-1.5,0,2,3.8,2.8,,144,
452,Wallace Wright\WrigWa00,NYJ,WR,25,16,0,0,0,0,0,0,0,0,,0,3,2,21,10.5,0,2,4.1,3.1,,161,
453,Kyle Eckel\EckeKy00,NOR,RB,28,7,2,0,0,0,0,0,2,6,3,0,3,2,14,7,0,2,4,3,,143,
454,John Gilmore\GilmJo00,TAM,TE,30,13,2,0,0,0,0,0,0,0,,0,7,3,23,7.67,0,2,5.3,3.8,,85,
455,Verron Haynes\HaynVe00,ATL,RB,30,7,2,0,0,0,0,0,0,0,,0,4,3,20,6.67,0,2,5,3.5,,141,
456,Mike Karney\KarnMi00,STL,RB,28,14,8,0,0,0,0,0,2,8,4,0,9,6,16,2.67,0,2,8.4,5.4,,138,
457,Brandon Myers\MyerBr00,OAK,TE,24,11,2,0,0,0,0,0,0,0,,0,6,4,19,4.75,0,2,5.9,3.9,,86,
458,John Owens\OwenJo00,SEA,TE,29,16,3,0,0,0,0,0,0,0,,0,6,3,16,5.33,0,2,4.6,3.1,,87,
459,Isaiah Stanback\StanIs00,NWE,WR,25,6,2,0,0,0,0,0,0,0,,0,7,3,22,7.33,0,2,5.2,3.7,,160,
460,Marcel Reece\ReecMa00,OAK,WR,24,2,0,0,0,0,0,0,0,0,,0,4,2,20,10,0,2,4,3,,162,
461,Xavier Omon\OmonXa00,BUF,RB,24,5,0,0,0,0,0,0,5,22,4.4,0,1,0,0,,0,2,2.2,2.2,,139,
462,Kory Sheets\SheeKo00,MIA,RB,24,2,0,0,0,0,0,0,1,5,5,0,0,0,0,,0,1,0.5,0.5,,153,
463,Mark Brunell\BrunMa00,NOR,QB,39,16,1,15,30,102,0,1,4,-12,-3,0,0,0,0,,0,1,1.9,1.9,,65,
464,Charlie Batch\BatcCh00,PIT,QB,35,1,0,1,2,17,0,0,0,0,,0,0,0,0,,0,1,0.7,0.7,,66,
465,Deon Anderson\AndeDe01,DAL,RB,26,16,9,0,0,0,0,0,0,0,,0,3,1,5,5,0,1,1.5,1,,152,
466,Javarris Williams\WillJa05,KAN,RB,23,4,0,0,0,0,0,0,6,6,1,0,1,0,0,,0,1,0.6,0.6,,151,
467,Bear Pascoe\PascBe00,NYG,RB,23,4,1,0,0,0,0,0,0,0,,0,1,1,9,9,0,1,1.9,1.4,,149,
468,Clifton Smith\SmitCl22,TAM,RB,24,11,0,0,0,0,0,0,4,7,1.75,0,5,2,4,2,0,1,1.6,-0.9,,148,
469,Jason McKie\McKiJa00,CHI,RB,29,16,11,0,0,0,0,0,0,0,,0,10,5,13,2.6,0,1,6.3,3.8,,147,
470,Terrelle Smith\SmitTe00,DET,RB,31,8,0,0,0,0,0,0,0,0,,0,4,2,7,3.5,0,1,2.7,1.7,,150,
471,Mark Jones\JoneMa01,TEN,WR,29,3,0,0,0,0,0,0,0,0,,0,2,1,9,9,0,1,1.9,1.4,,169,
472,Tory Humphrey\HumpTo00,NOR,TE,26,1,0,0,0,0,0,0,0,0,,0,1,1,7,7,0,1,1.7,1.2,,94,
473,Jake O'Connell\OConJa00,KAN,TE,24,4,2,0,0,0,0,0,0,0,,0,10,2,7,3.5,0,1,2.7,1.7,,93,
474,David Johnson\JohnDa05,PIT,TE,22,15,3,0,0,0,0,0,0,0,,0,4,2,9,4.5,0,1,2.9,1.9,,91,
475,Stefan Logan\LogaSt00,PIT,WR,28,16,1,0,0,0,0,0,0,0,,0,1,1,5,5,0,1,,-2,,179,
476,Limas Sweed\SweeLi00,PIT,WR,25,9,0,0,0,0,0,0,0,0,,0,5,1,5,5,0,1,1.5,1,,177,
477,Jordan Kent\KentJo20,STL,WR,25,5,0,0,0,0,0,0,0,0,,0,3,1,5,5,0,1,1.5,1,,176,
478,John Standeford\StanJo00,DET,WR,27,2,0,0,0,0,0,0,0,0,,0,3,1,5,5,0,1,1.5,1,,180,
479,Steve Johnson\JohnSt00,BUF,WR,23,5,0,0,0,0,0,0,0,0,,0,3,2,10,5,0,1,3,2,,168,
480,Edgar Jones\JoneEd22,BAL,TE,25,16,0,0,0,0,0,0,0,0,,0,2,1,8,8,0,1,1.8,1.3,,92,
481,Anthony Hill\HillAn00,HOU,TE,24,5,0,0,0,0,0,0,0,0,,0,2,1,9,9,0,1,1.9,1.4,,90,
482,Matt Slater\SlatMa00,NWE,WR,24,14,0,0,0,0,0,0,1,6,6,0,0,0,0,,0,1,0.6,0.6,,174,
483,Tim Carter\CartTi00,STL,WR,30,2,0,0,0,0,0,0,0,0,,0,5,1,6,6,0,1,1.6,1.1,,173,
484,Charly Martin\MartCh00,CAR,WR,25,7,0,0,0,0,0,0,0,0,,0,2,1,6,6,0,1,1.6,1.1,,175,
485,James Hardy\HardJa00,BUF,WR,24,2,0,0,0,0,0,0,0,0,,0,1,1,9,9,0,1,1.9,1.4,,171,
486,Jaymar Johnson\JohnJa01,MIN,WR,25,6,0,0,0,0,0,0,0,0,,0,1,1,9,9,0,1,1.9,1.4,,170,
487,Brandon Tate\TateBr00,NWE,WR,22,2,1,0,0,0,0,0,1,11,11,0,2,0,0,,0,1,1.1,1.1,,167,
488,Tyler Grisham\GrisTy00,PIT,WR,22,4,0,0,0,0,0,0,0,0,,0,2,1,14,14,0,1,2.4,1.9,,166,
489,Brandon Manumaleuna\ManuBr00,SDG,TE,29,16,5,0,0,0,0,0,0,0,,0,7,5,13,2.6,0,1,6.3,3.8,,88,
490,Yamon Figurs\FiguYa00,2TM,WR,26,6,0,0,0,0,0,0,1,-2,-2,0,2,1,7,7,0,1,1.5,1,,178,
491,Joe Klopfenstein\KlopJo00,BUF,TE,26,1,1,0,0,0,0,0,0,0,,0,2,1,11,11,0,1,2.1,1.6,,89,
492,Courtney Roby\RobyCo00,NOR,WR,26,15,0,0,0,0,0,0,0,0,,0,1,1,6,6,0,1,6.6,5.1,,172,
493,Josh McCown\McCoJo01,CAR,QB,30,1,0,1,6,2,0,0,0,0,,0,0,0,0,,0,,0.1,0.1,,70,
494,Matthew Mulligan\MullMa00,NYJ,TE,24,5,1,0,0,0,0,0,0,0,,0,1,1,2,2,0,,1.2,0.7,,98,
495,Colin Cloherty\ClohCo00,IND,TE,22,1,0,0,0,0,0,0,0,0,,0,1,1,2,2,0,,1.2,0.7,,99,
496,Rex Grossman\GrosRe00,HOU,QB,29,1,0,3,9,33,0,1,3,9,3,0,0,0,0,,0,,0.7,0.2,,67,
497,Chris Pressley\PresCh00,TAM,RB,23,7,3,0,0,0,0,0,1,0,0,0,1,1,2,2,0,,1.2,0.7,,157,
498,Cameron Morrah\MorrCa00,SEA,TE,22,3,0,0,0,0,0,0,0,0,,0,1,1,3,3,0,,1.3,0.8,,96,
499,Matt Gutierrez\GutiMa00,KAN,QB,25,1,0,1,1,3,0,0,0,0,,0,0,0,0,,0,,0.1,0.1,,68,
500,Luke McCown\McCoLu00,JAX,QB,28,3,0,1,3,2,0,0,0,0,,0,0,0,0,,0,,0.1,0.1,,69,
501,Keith Zinger\ZingKe20,ATL,,25,15,2,0,0,0,0,0,0,0,,0,1,0,0,,0,,,,,112,
502,J.P. Losman\LosmJ.00,OAK,QB,28,1,0,0,1,0,0,0,0,0,,0,0,0,0,,0,,,,,71,
503,Jim Sorgi\SorgJi00,IND,,29,1,0,0,0,0,0,0,0,0,,0,,0,0,,0,,,,,72,
504,Matt Flynn\FlynMa00,GNB,QB,24,15,0,7,12,58,0,1,5,-5,-1,0,0,0,0,,0,,0.8,0.8,,73,
505,Jeff Garcia\GarcJe00,PHI,QB,39,1,0,0,0,0,0,0,3,-2,-0.67,0,0,0,0,,0,,-0.7,-1.2,,74,
506,Curtis Painter\PainCu00,IND,QB,24,2,0,8,28,83,0,2,3,4,1.33,0,0,0,0,,0,,0.7,-0.3,,75,
507,Craig Stevens\StevCr00,TEN,,25,12,2,0,0,0,0,0,0,0,,0,1,0,0,,0,,,,,103,
508,Matt Lawrence\LawrMa00,BAL,RB,24,8,0,0,0,0,0,0,4,0,0,0,1,1,4,4,0,,1.4,0.9,,154,
509,James Dearth\DearJa00,NYJ,,33,16,0,0,0,0,0,0,0,0,,0,,0,0,,0,,,,,111,
510,Richard Quinn\QuinRi00,DEN,,23,15,0,0,0,0,0,0,0,0,,0,1,0,0,,0,,,,,100,
511,Brad St. Louis\StLoBr00,CIN,,33,5,0,0,0,0,0,0,0,0,,0,,0,0,,0,,,,,113,
512,Andre Coleman\ColeAn21,SDG,,25,2,0,0,0,0,0,0,0,0,,0,,0,0,,0,,,,,115,
513,Buck Ortega\OrteBu00,NOR,,28,1,0,0,0,0,0,0,0,0,,0,,0,0,,0,,,,,110,
514,Michael Matthews\MattMi00,2TM,,26,7,0,0,0,0,0,0,0,0,,0,1,0,0,,0,,,,,104,
515,Jeff Robinson\RobiJe00,SEA,,39,2,0,0,0,0,0,0,0,0,,0,,0,0,,0,,,,,106,
516,Mike Leach\LeacMi00,ARI,,33,16,0,0,0,0,0,0,0,0,,0,,0,0,,0,,,,,101,
517,Zach Potter\PottZa99,JAX,TE,23,1,1,0,0,0,0,0,0,0,,0,1,1,3,3,0,,1.3,0.8,,97,
518,Nathan Hodel\HodeNa20,DET,,32,1,0,0,0,0,0,0,0,0,,0,,0,0,,0,,,,,102,
519,Brian Jennings\JennBr00,SFO,,33,16,0,0,0,0,0,0,0,0,,0,0,0,0,,0,,,,,109,
520,Joe Zelenka\ZeleJo00,ATL,,33,5,0,0,0,0,0,0,0,0,,0,,0,0,,0,,,,,105,
521,Darius Hill\HillDa03,CIN,,24,1,0,0,0,0,0,0,0,0,,0,,0,0,,0,,,,,108,
522,Dan Gronkowski\GronDa00,DET,TE,24,2,0,0,0,0,0,0,0,0,,0,3,1,4,4,0,,1.4,0.9,,95,
523,Justin Snow\SnowJu00,IND,,33,16,0,0,0,0,0,0,0,0,,0,,0,0,,0,,,,,114,
524,Clark Harris\HarrCl20,CIN,,25,11,0,0,0,0,0,0,0,0,,0,,0,0,,0,,,,,107,
525,Justin Jenkins\JenkJu00,BUF,WR,29,12,0,0,0,0,0,0,1,-3,-3,0,0,0,0,,0,,-0.3,-0.3,,209,
526,Nate Jones\JoneNa21,STL,,24,1,0,0,0,0,0,0,0,0,,0,,0,0,,0,,,,,202,
527,Dominique Edison\EdisDo00,TEN,,23,5,0,0,0,0,0,0,0,0,,0,,0,0,,0,,,,,200,
528,Tiquan Underwood\UndeTi00,JAX,,22,3,0,0,0,0,0,0,0,0,,0,0,0,0,,0,,,,,196,
529,Derek Stanley\StanDe00,STL,,24,2,0,0,0,0,0,0,0,0,,0,0,0,0,,0,,,,,195,
530,Justin Harper\HarpJu01,BAL,,24,2,0,0,0,0,0,0,0,0,,0,1,0,0,,0,,,,,185,
531,Jake Allen\AlleJa24,2TM,,24,3,0,0,0,0,0,0,0,0,,0,1,0,0,,0,,,,,206,
532,Anthony Gonzalez\GonzAn00,IND,,25,1,1,0,0,0,0,0,0,0,,0,,0,0,,0,,,,,205,
533,Eric Fowler\FowlEr20,DET,,25,3,0,0,0,0,0,0,0,0,,0,,0,0,,0,,,,,204,
534,Sean Morey\MoreSe00,ARI,,33,13,0,0,0,0,0,0,0,0,,0,1,0,0,,0,,,,,197,
535,Glenn Martinez\MartGl00,HOU,,28,7,0,0,0,0,0,0,0,0,,0,0,0,0,,0,,,,,193,
536,Sam Giguere\GiguSa00,IND,,24,1,0,0,0,0,0,0,0,0,,0,2,0,0,,0,,,,,184,
537,Brett Swain\SwaiBr00,GNB,,24,6,0,0,0,0,0,0,0,0,,0,1,0,0,,0,,,,,194,
538,Mike Hass\HassMi00,SEA,,26,1,0,0,0,0,0,0,0,0,,0,,0,0,,0,,,,,189,
539,Kenny McKinley\McKiKe00,DEN,,22,8,0,0,0,0,0,0,0,0,,0,0,0,0,,0,,,,,183,
540,Shaun McDonald\McDoSh00,PIT,,28,4,0,0,0,0,0,0,0,0,,0,,0,0,,0,,,,,201,
541,Elbert Mack\MackEl20,TAM,,23,15,3,0,0,0,0,0,0,0,,0,0,0,0,,0,,,,,207,
542,Adam Jennings\JennAd00,DET,,27,1,0,0,0,0,0,0,0,0,,0,,0,0,,0,,,,,188,
543,Biren Ealy\EalyBi00,GNB,,25,1,0,0,0,0,0,0,0,0,,0,,0,0,,0,,,,,191,
544,David Tyree\TyreDa00,BAL,,29,10,0,0,0,0,0,0,0,0,,0,0,0,0,,0,,,,,203,
545,Juaquin Iglesias\IgleJu00,CHI,,22,1,0,0,0,0,0,0,0,0,,0,0,0,0,,0,,,,,192,
546,Maurice Purify\PuriMa00,CIN,,23,5,0,0,0,0,0,0,0,0,,0,1,0,0,,0,,,,,186,
547,Frank Summers\SummFr00,PIT,,24,2,1,0,0,0,0,0,0,0,,0,,0,0,,0,,,,,167,
548,Cedric Peerman\PeerCe00,DET,,23,2,0,0,0,0,0,0,0,0,,0,,0,0,,0,,,,,164,
549,Kareem Huggins\HuggKa00,TAM,,23,3,0,0,0,0,0,0,0,0,,0,0,0,0,,0,,,,,165,
550,Marcus Mailei\MailMa00,NOR,,23,2,0,0,0,0,0,0,0,0,,0,0,0,0,,0,,,,,168,
551,Chauncey Washington\WashCh00,DAL,,24,2,0,0,0,0,0,0,0,0,,0,0,0,0,,0,,,,,160,
552,Isaac Redman\RedmIs20,PIT,,25,1,0,0,0,0,0,0,0,0,,0,,0,0,,0,,,,,163,
553,Oren O'Neal\ONeaOr00,OAK,RB,26,4,0,0,0,0,0,0,1,0,0,0,0,0,0,,0,,,,,162,
554,Chris Henry\HenrCh01,TEN,,24,2,0,0,0,0,0,0,0,0,,0,,0,0,,0,,,,,159,
555,George Wilson\WilsGe01,BUF,,28,16,12,0,0,0,0,0,0,0,,0,0,0,0,,0,,,,,198,
556,Brock Bolen\BoleBr00,JAX,,24,3,0,0,0,0,0,0,0,0,,0,3,0,0,,0,,,,,166,
557,Tony Fiammetta\FiamTo00,CAR,,23,10,2,0,0,0,0,0,0,0,,0,3,0,0,,0,,,,,161,
558,Matt Willis\WillMa00,DEN,,25,1,1,0,0,0,0,0,0,0,,0,0,0,0,,0,,,,,190,
559,Javon Walker\WalkJa00,OAK,,31,3,0,0,0,0,0,0,0,0,,0,0,0,0,,0,,-0.5,-1,,208,
560,Jerome Simpson\SimpJe00,CIN,,23,2,0,0,0,0,0,0,0,0,,0,1,0,0,,0,,,,,182,
561,Jordan Norwood\NorwJo00,PHI,,23,1,0,0,0,0,0,0,0,0,,0,,0,0,,0,,,,,187,
562,Patrick Turner\TurnPa00,MIA,,22,2,0,0,0,0,0,0,0,0,,0,0,0,0,,0,,,,,199,
563,Micheal Spurlock\SpurMi00,2TM,WR,26,6,0,0,1,0,0,0,1,3,3,0,0,0,0,,0,,5.8,5.3,,181,
564,Quinn Johnson\JohnQu00,GNB,RB,23,9,0,0,0,0,0,0,0,0,,0,4,2,4,2,0,,2.4,1.4,,155,
565,B.J. Askew\AskeB.00,TAM,RB,29,5,2,0,0,0,0,0,1,0,0,0,2,2,3,1.5,0,,2.3,1.3,,156,
566,Montell Owens\OwenMo01,JAX,RB,25,16,0,0,0,0,0,0,2,1,0.5,0,1,0,0,,0,,0.1,0.1,,158,
567,Chris Simms\SimmCh00,DEN,QB,29,3,1,5,17,23,0,1,3,-4,-1.33,0,0,0,0,,0,-1,-1,-1.5,,76,
568,Caleb Hanie\HaniCa00,CHI,QB,24,2,0,3,7,11,0,1,0,0,,0,0,0,0,,0,-2,-0.6,-0.6,,77,